Primary Keyword,Secondary Keyword,Location,State personal injury lawyer,medical malpractice attorney,Miami,FL 
personal injury lawyer,medical malpractice attorney,Miami,FL James Hannon,"James Hannon, Esq.",Miami,FL 
accidental drowning,drowning prevention tips,Miami,FL ,,Miami,FL aviation accident lawyer,plane crash 
lawyer,Miami,FL car accident lawyer,auto accident attorney,Miami,FL construction accident lawyer,construction 
injury lawyer,Miami,FL crime victim lawyer,crime compensation,Miami,FL ,,Miami,FL ,,Miami,FL ,,Miami,FL 
,,Miami,FL ,,Miami,FL ,,Miami,FL hit and run lawyer,hit and run attorney,Miami,FL insurance claim 
lawyer,insurance claim attorney,Miami,FL dialysis lawsuit,negligent dialysis lawyer,Miami,FL maritime 
lawyer,maritime litigation attorney,Miami,FL medical malpractice lawyer,medical negligence attorney,Miami,FL 
negligent security lawyer,negligent security attorney,Miami,FL neligent ATM security lawyer,negligent ATM 
security attorney,Miami,FL Hannon Legal Group news,legal resources,Miami,FL personal injury attorney,personal 
injury law,Miami,FL pharmacy error statistics,pharmacy negligence,Miami,FL ,,Miami,FL ,,Miami,FL motorist 
insurance claims,car insurance law,Miami,FL legal verdicts and settlements,legal claims ,Miami,FL ,,Miami,FL 
wrongful death claims,wrongful death lawyer,Miami,FL ,,Miami,FL
